Forehead,InnerEyeCorner ,OuterEyeCorner ,NoseTip ,MouthCorner ,Cheek,Ear,CoreTemp
99.52,99.32,97.24,95.96,98.54,96.14,98.95,98.7
98.03,98.88,97.92,96.43,99.14,96.45,98.68,98.32
97.79,99.21,97.28,95.43,97.29,97.74,97.96,98.49
97.98,98.1,97.3,95.61,98.68,97.85,98.38,99.38
98.1,98.9,97.54,96.25,98.22,97.22,97.96,98.89
97.44,98.49,97.16,96.81,97.92,95.79,98.71,98.51
97.55,98.37,97.47,97.04,99.32,97.46,98.68,98.88
97.79,98.84,97.89,95.51,97.4,97.95,98.64,98.25
97.24,97.87,97.17,96.5,98.2,96.8,99.15,98.77
95.76,99.36,97.43,96.2,97.8,96.41,99.23,98.5
96.75,98.3,98.0,96.14,97.88,97.2,98.16,98.27
98.96,97.88,98.06,96.34,98.4,96.02,100.17,98.5
98.05,98.3,97.5,95.92,98.09,97.18,98.47,98.51
96.91,98.13,97.24,96.31,98.95,96.88,98.09,98.69
98.56,98.62,97.5,95.64,97.91,98.08,98.64,98.55
96.2,98.93,96.98,96.02,98.26,97.77,99.36,98.59
98.71,99.23,96.62,96.89,97.93,97.06,98.76,99.16
97.26,98.91,96.66,97.06,97.61,97.57,98.75,98.25
97.22,98.22,98.27,96.79,98.48,96.95,98.65,98.3
99.44,98.28,97.17,96.32,98.24,97.3,98.81,98.99
98.04,98.19,97.52,96.3,98.43,97.13,98.16,98.97
96.34,98.73,97.15,95.63,98.41,97.28,99.16,98.8
97.21,98.32,97.61,96.49,98.31,97.98,98.27,98.69
95.94,99.24,97.1,96.72,97.83,97.92,99.08,98.38
97.76,97.93,97.89,96.37,97.89,97.4,98.38,98.21
98.72,98.89,97.6,96.88,98.32,96.46,98.64,98.77
97.18,99.3,97.53,95.37,97.09,97.81,99.15,99.19
97.03,98.69,97.47,96.53,98.0,98.03,98.42,98.65
99.34,99.03,97.47,96.35,97.88,97.63,98.8,98.77
96.04,98.69,98.14,96.17,98.08,97.0,98.43,98.65
99.0,98.39,96.91,96.16,98.35,98.31,98.63,98.7
97.61,97.71,97.4,96.48,97.95,97.34,98.31,98.5
96.71,99.86,97.2,96.02,98.46,97.67,98.54,98.74
98.07,98.94,97.28,95.73,98.17,97.78,98.47,98.59
97.51,98.36,97.67,95.77,98.0,96.78,99.57,98.63
96.17,98.64,97.56,96.42,98.12,97.27,99.18,99.15
96.76,98.74,98.01,96.6,98.9,96.67,98.77,98.66
97.64,98.28,97.23,97.38,98.48,96.49,98.62,98.94
97.82,98.76,97.92,96.54,98.42,97.64,98.01,98.34
98.74,98.47,98.01,96.75,98.39,97.29,99.14,98.51
96.59,99.0,97.68,95.81,97.66,98.24,98.34,99.15
97.73,98.77,97.91,96.08,97.64,96.89,98.92,99.02
97.56,98.34,97.11,96.24,98.31,98.45,98.53,98.51
97.58,97.91,97.25,96.79,98.13,97.42,99.61,99.25
97.65,99.3,98.07,96.94,97.9,97.38,98.35,98.38
97.04,98.6,97.41,94.55,98.29,96.95,98.22,98.31
97.32,98.52,97.9,96.21,97.78,98.06,99.12,98.67
96.64,97.85,97.51,96.07,98.64,97.7,99.17,98.64
97.12,98.72,97.96,97.07,97.55,96.96,98.37,98.94
95.46,98.42,97.78,96.32,98.45,97.74,99.32,98.47
96.75,98.75,97.11,96.41,98.42,97.71,98.99,98.25
96.85,98.6,97.62,96.82,98.76,96.4,98.55,98.73
97.87,98.83,97.29,96.47,98.09,97.79,98.87,98.59
98.87,98.48,97.25,96.83,98.92,97.4,99.07,98.65
97.2,98.52,97.16,96.57,98.65,98.25,98.44,98.49
97.39,98.54,98.32,97.31,98.03,97.62,98.41,98.23
96.2,98.14,97.77,96.97,98.27,97.8,99.2,98.46
97.0,98.97,96.53,96.38,97.88,97.7,98.41,98.14
97.69,98.26,97.17,96.59,98.03,96.96,98.69,98.47
98.48,97.97,97.27,94.86,97.94,97.39,98.72,98.42
98.15,97.91,97.09,95.84,98.4,97.38,98.94,98.36
96.77,99.67,97.35,96.2,97.61,97.31,98.68,98.73
98.04,98.48,97.18,96.53,98.79,97.43,97.72,98.93
97.75,98.73,97.55,96.46,98.62,96.83,98.81,98.42
99.0,99.03,97.52,96.23,98.46,98.73,99.24,98.51
98.37,98.86,97.74,96.57,97.81,97.24,98.73,99.13
98.01,98.71,97.5,96.28,97.93,97.31,99.25,98.76
98.47,98.56,98.03,97.05,98.17,97.5,98.31,98.55
98.34,98.37,98.12,96.19,98.67,97.11,98.48,98.84
98.64,98.64,98.74,96.25,98.22,97.37,97.82,98.39
97.11,98.62,97.54,96.31,98.1,97.12,99.66,98.37
96.9,98.82,98.46,96.04,99.08,97.31,98.64,98.27
97.15,98.43,97.6,96.27,98.33,97.96,98.48,98.93
96.91,98.66,97.0,96.24,98.26,97.65,99.42,99.22
98.97,98.69,97.54,96.1,98.58,97.45,98.93,98.34
97.69,99.08,97.41,95.45,98.74,98.28,99.19,98.76
98.42,98.06,98.12,96.2,98.47,97.18,98.37,98.3
97.79,97.89,97.56,96.12,99.55,98.12,98.61,99.16
97.81,98.4,98.02,96.46,99.35,97.16,98.56,99.06
97.99,97.92,97.67,96.97,98.11,97.46,98.89,98.82
97.2,99.11,97.36,96.03,98.41,97.89,99.52,98.36
97.91,98.56,96.57,95.7,98.24,97.31,98.71,98.88
96.86,97.99,97.01,96.66,97.7,97.73,98.79,98.72
98.15,99.19,98.02,96.17,97.8,97.1,98.82,98.72
96.41,98.5,97.87,96.68,97.73,97.79,98.96,98.88
96.99,98.99,98.38,96.87,98.83,97.64,98.28,98.37
96.01,99.06,97.6,96.68,97.33,97.31,99.44,98.5
96.93,98.35,97.9,95.81,98.49,97.7,98.58,98.91
98.02,98.57,97.72,96.39,97.92,97.37,98.98,98.78
96.85,98.43,97.04,97.28,98.22,97.74,98.74,98.77
98.29,98.59,98.0,95.17,98.59,96.97,97.94,98.56
98.25,98.56,97.85,96.63,98.69,97.69,99.04,98.66
97.64,98.31,97.57,97.32,98.52,96.91,98.21,98.56
98.25,99.38,96.99,95.43,98.02,98.01,99.01,99.0
96.98,99.01,96.65,95.66,98.0,97.65,98.27,98.8
97.99,98.13,97.19,96.5,97.74,97.01,99.12,99.06
97.11,98.26,97.42,95.76,98.09,97.73,98.26,98.51
97.89,98.65,97.02,95.29,98.68,97.21,98.53,99.08
96.9,98.14,97.48,96.11,98.87,97.22,98.83,98.53
96.35,98.75,97.6,95.93,98.06,97.71,99.1,98.55
98.69,98.94,98.1,96.13,97.9,98.3,98.81,98.93
97.97,98.65,96.98,96.3,98.33,98.26,98.42,98.64
96.34,98.7,97.68,96.41,98.12,97.67,97.77,99.12
97.81,98.77,97.44,95.9,98.46,97.56,99.2,98.75
97.24,98.64,96.83,96.36,98.56,97.03,98.7,99.15
96.21,98.39,98.37,95.76,98.82,97.21,98.03,98.64
96.95,99.17,98.03,96.41,97.67,97.36,98.96,98.58
96.84,98.44,97.52,95.59,98.54,96.84,97.86,98.32
97.68,98.31,97.5,96.4,98.19,96.75,98.11,98.49
96.21,98.16,97.7,96.05,98.32,97.43,98.91,98.96
96.96,99.43,97.11,95.92,98.42,97.89,98.68,99.07
97.22,98.34,97.12,96.22,98.35,97.81,99.02,98.2
95.43,98.61,96.88,97.42,99.31,97.87,98.38,98.83
97.22,99.31,97.89,95.79,98.07,97.35,99.23,98.9
99.16,97.2,97.58,96.8,98.47,96.61,99.03,98.56
97.81,98.49,97.56,95.64,98.63,97.59,98.8,98.73
96.78,98.0,97.94,96.18,97.71,97.33,97.91,98.51
99.08,98.37,97.08,96.08,98.36,97.08,98.71,98.94
98.54,99.26,96.78,96.58,98.31,98.01,98.64,98.95
97.79,97.73,98.57,95.24,98.16,97.29,98.39,98.78
97.07,99.01,97.0,96.1,97.77,97.37,98.83,98.63
96.22,98.96,97.47,96.76,97.09,97.99,98.79,98.9
96.9,98.32,97.52,96.53,98.68,97.0,98.15,98.82
96.92,99.59,96.97,95.91,98.41,96.72,98.67,98.5
97.99,98.14,97.74,95.53,99.34,96.77,98.42,98.61
95.75,99.07,97.55,96.72,97.85,97.54,98.03,98.75
98.46,98.51,97.61,96.0,98.33,97.46,99.5,98.65
98.24,98.66,97.68,96.17,97.95,97.05,98.84,98.64
99.6,98.24,96.89,96.35,98.3,96.98,98.79,98.44
97.48,98.66,97.96,95.24,98.06,97.93,98.64,98.46
98.68,98.82,97.81,95.78,98.72,97.66,99.02,98.44
98.9,98.6,97.16,96.22,97.2,97.09,98.29,97.95
98.61,98.47,97.12,95.56,98.55,97.79,98.33,98.5
97.88,97.68,97.91,96.42,98.61,97.15,99.15,98.5
95.86,98.52,97.37,95.62,98.06,97.7,98.3,98.84
97.77,99.3,97.2,95.81,97.83,97.81,98.32,98.84
97.68,98.68,97.27,95.14,97.63,97.61,98.84,98.46
97.07,98.96,97.23,97.09,98.47,97.28,99.26,98.71
96.32,99.19,98.06,95.95,97.87,96.91,98.84,98.45
97.53,98.38,97.15,95.95,98.24,97.64,98.97,98.57
98.83,98.72,97.31,95.22,98.18,97.59,98.23,98.84
96.35,98.21,97.84,95.59,97.94,97.15,98.57,98.7
97.62,98.98,97.02,96.02,98.4,97.71,99.16,98.92
97.94,98.34,97.55,97.16,97.64,97.69,98.33,98.78
97.23,98.28,97.76,96.26,98.17,98.09,98.73,98.21
98.99,98.44,97.41,95.81,97.55,97.85,98.53,98.57
97.92,98.78,96.94,96.17,97.66,96.64,99.13,98.25
96.75,98.16,97.47,96.84,98.5,98.04,98.53,98.39
97.75,98.53,97.82,96.11,98.8,97.78,98.84,98.64
96.92,98.99,97.41,97.0,98.38,97.8,98.68,98.45
97.31,98.72,97.66,95.52,98.28,97.72,98.81,98.84
97.24,99.15,96.82,97.34,97.17,99.15,98.96,98.42
98.33,98.84,97.24,96.11,97.83,97.78,98.15,98.88
97.97,98.62,97.59,95.66,98.07,96.65,98.37,98.61
96.44,98.77,97.83,96.1,98.24,97.44,99.16,99.11
98.22,98.91,98.1,95.69,98.42,98.12,98.3,98.39
97.67,98.84,97.75,97.07,97.84,97.28,98.48,98.77
97.06,97.72,97.37,96.1,98.28,96.76,98.84,98.72
99.17,99.24,97.98,95.59,98.91,96.99,98.43,98.94
97.87,98.66,96.65,96.15,99.18,96.95,98.72,98.4
95.75,98.45,97.51,96.5,97.89,96.83,99.38,98.99
96.19,98.99,98.28,96.31,98.33,97.6,99.06,98.68
98.0,98.07,97.04,97.06,98.26,96.32,97.82,98.57
96.11,98.42,97.82,96.21,98.16,97.48,99.71,98.31
96.22,98.85,97.87,96.13,97.94,98.07,98.15,98.89
97.2,98.76,97.13,94.91,98.77,97.64,99.17,98.21
97.15,99.09,97.17,96.33,98.63,98.19,98.42,98.51
97.78,98.14,98.25,95.25,98.19,97.87,100.03,98.54
96.86,98.38,97.47,96.79,97.87,97.08,99.1,98.57
96.9,98.32,97.83,96.81,98.27,98.08,99.04,98.53
97.22,98.1,96.03,96.03,98.51,97.98,98.92,98.81
98.1,98.77,98.4,96.03,98.53,96.95,99.66,99.15
98.58,99.04,97.62,96.7,98.86,97.49,99.39,98.69
97.71,98.37,97.02,96.14,98.94,96.56,98.45,98.41
96.72,99.15,97.56,96.0,97.92,98.12,99.78,98.59
95.48,98.27,97.62,97.71,97.55,97.98,97.99,98.16
98.58,98.18,97.43,96.24,98.19,97.1,97.98,98.97
98.74,98.63,97.98,94.91,98.92,96.63,98.91,99.09
98.04,98.38,97.28,95.76,97.57,97.22,99.57,98.65
96.12,98.95,97.75,95.82,99.0,97.23,98.35,98.3
99.6,97.75,98.05,96.83,98.08,97.44,98.54,98.36
98.42,98.08,97.01,96.33,98.18,97.7,98.03,98.41
99.29,99.11,98.01,95.68,97.71,97.72,98.76,98.76
95.56,99.15,98.61,96.44,98.59,97.33,98.82,98.44
97.39,98.42,98.0,96.38,99.05,97.54,98.37,98.59
96.05,98.4,97.4,97.01,98.55,97.9,99.34,98.27
96.0,97.91,97.94,95.91,97.9,97.31,99.13,98.95
97.47,98.66,97.76,96.83,97.75,98.32,99.3,98.65
98.38,98.73,96.39,96.31,98.58,97.29,98.57,99.3
98.2,98.52,98.04,96.95,98.85,97.71,98.38,98.71
97.72,97.75,97.88,96.32,98.41,97.32,98.84,98.5
96.77,97.99,97.88,96.45,97.99,96.77,98.3,98.43
98.79,98.59,98.08,96.26,98.19,98.09,98.68,98.7
98.54,98.4,97.37,96.09,98.41,96.48,99.21,98.64
98.01,99.67,97.28,95.91,98.18,97.57,98.95,98.52
98.42,98.57,97.13,97.51,98.5,97.81,99.22,99.39
98.68,97.75,97.9,95.48,97.78,97.0,98.76,98.7
97.99,98.6,97.39,95.98,97.69,96.67,98.15,98.76
98.12,98.82,97.44,96.28,98.67,98.04,98.52,98.42
98.63,99.28,96.75,97.57,97.15,97.27,98.59,98.61
98.66,98.4,96.76,96.72,97.84,97.03,99.01,98.7
97.91,98.54,97.59,96.76,98.11,97.93,98.74,98.02
96.87,98.72,97.63,97.6,98.46,97.44,99.57,99.15
95.17,98.72,98.23,95.95,98.23,97.41,98.2,98.83
98.73,98.74,97.47,96.09,97.32,96.88,98.49,98.92
98.24,99.06,98.34,96.6,97.69,97.63,98.87,98.99
99.03,99.11,97.76,96.58,97.95,97.67,98.86,98.89
96.86,98.67,96.28,96.2,98.68,97.12,99.56,98.99
96.84,98.58,97.71,96.56,98.17,97.37,97.77,98.32
99.24,98.72,97.55,96.85,98.05,96.91,98.91,98.71
97.91,98.5,98.06,95.36,98.1,97.46,99.24,98.72
99.58,98.34,98.01,96.02,98.91,96.77,99.35,98.61
96.95,98.89,97.68,97.01,98.05,97.55,98.7,98.43
97.3,98.72,98.0,96.61,98.08,97.02,98.25,98.37
96.66,98.57,98.1,96.22,97.46,97.0,98.51,98.47
97.33,98.39,96.47,97.55,97.33,97.29,98.68,98.53
96.8,98.69,97.93,95.89,97.33,97.82,99.21,98.5
96.16,98.1,98.05,95.99,98.07,97.05,98.41,98.72
98.62,99.49,97.76,95.89,97.94,97.8,98.75,98.96
96.68,98.03,97.53,96.44,98.49,97.66,98.13,98.84
97.54,98.88,97.48,96.05,98.65,97.54,97.5,98.88
97.53,99.35,97.0,96.67,98.64,97.26,99.2,98.72
95.42,99.2,97.99,96.23,97.17,96.82,99.48,98.91
96.59,98.39,98.42,96.37,97.03,97.05,99.55,98.49
98.49,97.85,98.18,95.48,98.32,97.12,98.66,98.66
97.0,98.74,96.94,96.09,97.89,97.13,97.97,98.73
97.24,98.39,97.56,96.33,98.29,97.63,99.13,98.49
98.32,99.45,97.85,96.28,97.85,97.53,98.13,98.47
97.27,98.91,97.17,96.15,97.61,96.73,98.16,98.67
96.5,98.38,98.07,97.05,98.24,97.5,98.85,98.79
96.3,98.6,97.67,95.59,98.5,96.95,98.66,98.82
96.51,98.12,96.84,96.58,98.32,97.14,98.78,98.82
96.51,98.73,97.91,95.82,97.94,96.99,98.16,98.74
96.34,97.85,97.6,96.08,98.48,96.86,98.3,98.43
97.75,98.79,96.84,96.05,98.41,97.79,98.79,98.31
97.42,98.83,97.85,96.91,97.87,97.52,98.61,98.88
97.55,98.07,96.98,96.02,97.86,97.3,98.21,98.65
98.05,98.77,96.43,96.29,98.17,97.76,98.0,99.07
97.71,98.67,97.61,95.64,98.63,97.7,99.45,98.3
96.57,99.19,97.1,96.77,98.21,97.85,98.48,99.07
96.92,98.44,97.07,96.04,98.71,96.99,98.26,98.74
97.79,98.15,97.65,96.49,98.85,97.51,98.78,98.68
96.96,98.7,97.38,96.2,98.34,97.55,98.32,98.62
95.84,98.27,96.95,96.08,98.34,96.26,98.99,98.31
98.52,98.2,98.0,96.26,97.56,98.02,98.12,98.8
97.44,98.73,96.87,95.64,97.94,97.7,99.69,98.87
96.95,98.97,98.24,96.26,97.79,97.58,99.4,98.35
98.27,98.23,97.36,94.91,98.3,97.57,99.25,99.23
97.1,98.45,98.63,95.9,97.7,96.61,98.62,98.87
100.7,98.98,96.97,96.48,97.07,97.07,99.17,98.74
98.65,99.15,97.99,96.2,97.49,97.19,98.52,98.86
96.97,98.27,97.27,95.91,98.23,97.35,98.77,99.0
97.33,98.66,98.63,96.26,98.06,97.62,98.98,98.62
97.13,98.48,97.49,95.99,97.95,97.45,98.59,98.74
96.6,98.21,97.79,96.42,98.3,98.12,98.67,98.2
97.39,99.2,97.77,96.61,97.67,97.78,98.07,98.29
100.41,98.66,97.27,97.2,98.15,97.53,99.13,98.64
98.29,98.22,98.28,96.07,98.12,97.74,98.73,98.86
97.82,98.64,96.87,96.6,98.02,97.58,99.28,98.96
97.46,98.62,97.95,95.88,98.28,97.2,98.52,98.41
97.46,98.61,98.1,96.34,97.96,97.31,99.17,98.62
97.46,98.74,97.53,96.22,98.46,97.3,99.35,98.89
97.88,98.9,97.52,95.6,98.08,96.23,98.72,98.36
98.61,99.11,98.33,96.21,98.46,98.35,98.37,98.65
97.38,98.49,97.63,96.66,97.91,97.56,98.98,98.46
96.42,98.72,97.7,96.57,97.4,97.16,98.97,98.79
97.12,98.82,98.21,95.91,98.29,96.85,98.35,98.74
97.35,99.49,96.79,96.22,98.6,97.51,98.17,98.95
99.89,98.68,97.57,95.39,98.22,97.81,99.29,98.51
97.4,98.97,97.32,96.36,97.56,96.93,98.92,98.43
98.55,98.61,96.62,96.25,98.21,97.02,98.64,98.61
99.47,98.56,97.65,96.56,98.6,97.53,97.84,98.72
98.11,98.68,97.32,96.01,97.47,98.5,97.93,98.75
98.97,97.69,97.9,95.79,97.61,97.71,99.03,98.68
99.07,99.01,97.31,96.23,98.14,97.89,99.01,99.03
96.38,98.1,97.36,96.51,98.56,97.28,98.33,98.66
97.25,98.87,96.9,96.0,97.43,97.51,98.24,98.54
98.8,98.73,96.95,96.91,98.53,97.23,98.61,98.15
98.7,98.51,98.04,96.58,97.83,97.68,98.4,98.43
97.14,98.98,97.04,97.13,98.01,97.67,98.2,98.5
97.83,97.91,97.55,96.81,98.35,97.43,97.91,97.84
97.47,97.41,97.1,96.66,98.03,96.96,98.15,98.53
97.59,98.39,98.04,96.76,98.33,97.42,98.66,98.48
97.07,98.52,97.5,96.23,98.2,98.45,98.11,98.58
97.04,99.02,98.55,96.56,98.59,97.63,97.8,98.73
97.33,97.57,97.35,96.33,97.59,96.82,98.73,98.81
98.02,97.42,98.41,95.67,98.26,97.9,97.95,98.65
97.08,98.86,97.71,95.91,98.04,98.25,99.91,98.62
98.74,97.91,97.71,96.26,98.37,97.48,99.43,98.9
96.05,98.29,97.86,96.91,98.08,97.36,98.88,98.96
96.98,98.63,96.83,96.53,97.82,97.29,98.14,98.99
97.51,98.46,97.09,96.46,98.55,98.07,98.05,98.65
96.83,98.01,97.77,95.56,98.45,97.48,98.6,98.68
97.91,97.92,97.67,96.3,98.51,96.71,99.29,98.34
100.3,98.9,97.38,96.52,98.01,96.52,98.81,99.11
95.41,97.98,97.58,95.81,97.94,98.03,98.42,99.08
97.55,98.81,97.44,96.17,97.87,96.23,98.9,98.69
98.02,98.35,97.3,95.82,98.36,96.08,98.75,98.86
97.38,98.56,97.22,97.15,98.3,97.27,98.41,98.62
96.42,98.24,97.48,96.18,98.76,96.92,98.66,98.73
97.59,98.95,97.48,96.84,98.41,97.1,98.35,98.9
97.82,98.94,96.97,96.33,97.5,97.05,98.28,98.45
97.65,98.18,97.58,96.2,98.39,96.63,98.72,98.99
96.74,98.13,96.67,96.63,98.59,97.69,98.74,98.59
97.9,98.87,98.03,96.12,98.27,98.41,99.12,98.23
97.64,98.43,97.69,95.79,97.77,98.21,98.62,98.54
96.89,98.26,98.45,96.19,97.5,97.62,98.75,98.8
98.46,98.72,96.76,96.05,98.01,98.01,98.49,98.42
96.39,99.02,97.43,96.33,97.5,97.33,98.86,98.55
96.55,98.59,96.77,96.75,98.34,97.05,98.54,98.53
98.62,98.96,98.26,97.16,97.98,95.87,99.1,98.79
98.66,98.38,96.93,96.34,98.02,97.16,98.21,98.37
95.69,98.36,96.7,96.67,97.45,97.21,100.0,98.78
98.58,98.52,97.66,95.66,97.83,97.36,99.34,98.68
99.06,98.48,96.96,97.16,98.01,97.97,99.69,99.08
98.0,97.81,97.26,96.19,98.51,97.69,98.75,98.49
98.46,98.69,97.18,95.97,98.09,97.2,98.67,98.53
98.73,97.46,97.93,95.96,98.28,97.72,98.59,98.22
98.51,98.32,97.18,97.27,98.28,97.75,99.31,99.09
99.29,98.05,97.91,97.11,98.32,97.08,98.8,98.56
98.73,97.97,97.43,96.89,98.32,97.5,98.92,98.86
97.46,98.26,97.28,95.89,98.43,96.26,98.07,98.61
97.59,99.32,96.9,97.17,97.82,97.66,98.78,98.68
97.1,98.84,97.55,96.8,97.31,96.83,98.33,98.85
99.63,98.5,97.54,96.03,97.85,97.02,98.87,98.87
97.9,98.26,97.95,96.46,98.74,97.72,98.48,98.43
98.94,98.53,97.42,95.91,97.73,97.28,99.18,98.89
95.77,98.33,97.34,95.74,98.37,96.6,99.1,99.05
98.13,98.05,97.85,96.4,98.28,98.05,98.28,98.36
99.58,99.22,97.92,96.67,98.8,97.09,98.97,98.58
97.03,98.07,97.71,96.73,98.1,97.54,99.1,98.48
98.27,98.95,97.07,96.71,98.75,98.95,98.27,98.77
97.73,98.56,97.04,96.33,97.3,95.65,98.95,98.88
99.08,99.17,97.81,96.15,99.0,97.26,98.69,98.41
96.56,98.68,97.98,96.89,97.28,98.26,98.65,98.39
99.62,98.97,97.36,95.61,98.58,97.25,98.63,98.69
97.19,98.7,98.02,95.67,98.73,97.19,98.66,98.41
98.32,97.99,98.12,95.49,98.67,97.44,99.06,98.62
98.26,98.99,97.64,96.36,99.24,97.71,98.12,98.04
98.64,98.64,98.15,95.83,98.05,97.59,98.97,98.4
98.26,98.91,97.72,96.5,97.94,98.11,98.73,98.03
97.54,99.41,97.37,96.66,97.84,97.04,98.73,99.13
100.33,98.35,98.01,96.09,98.31,97.74,99.05,98.59
95.94,98.92,96.83,96.59,98.25,96.83,98.81,98.91
98.17,98.68,98.11,96.41,98.2,98.12,99.24,98.7
96.69,98.07,97.7,95.78,98.15,97.68,98.63,98.68
95.89,98.78,97.31,96.36,98.54,96.46,98.88,98.65
96.66,99.19,97.75,96.42,98.02,96.62,98.41,98.35
97.79,98.26,98.58,96.13,98.17,97.31,98.14,98.29
95.99,99.01,97.68,96.12,98.07,98.66,97.88,98.26
95.93,98.45,98.16,96.78,98.8,97.86,97.99,98.87
97.1,99.47,96.74,96.81,98.49,96.67,98.48,98.75
97.55,98.41,98.28,96.26,98.19,97.57,98.9,98.84
97.76,98.31,97.1,95.92,97.58,96.41,98.97,98.54
97.67,98.71,98.87,95.36,99.0,96.37,98.47,98.79
97.71,97.85,96.97,96.34,98.12,97.3,98.63,99.22
99.41,97.97,97.29,95.95,98.33,97.05,98.66,98.58
97.76,97.99,97.25,96.77,97.57,97.0,98.51,98.68
96.23,98.46,98.27,95.56,98.74,97.23,99.72,98.78
98.54,98.38,97.64,96.3,97.78,97.16,98.56,98.63
97.54,97.94,96.83,95.72,97.32,96.74,98.54,98.21
97.89,99.19,98.42,96.15,98.59,96.53,98.49,98.8
95.55,98.53,98.97,95.88,98.41,96.79,98.13,98.82
96.95,99.12,97.64,96.36,98.16,98.03,98.85,98.33
96.92,98.82,96.61,96.26,98.93,97.08,98.45,98.54
98.32,98.25,97.8,96.29,98.24,97.21,99.29,98.69
97.0,99.47,97.63,95.66,98.25,97.09,98.97,99.01
98.89,97.79,97.09,96.4,97.69,97.7,98.56,98.88
97.86,98.54,97.07,96.98,97.21,96.94,99.19,98.75
98.43,99.29,97.56,96.62,97.66,97.25,98.81,98.6
95.54,98.42,97.11,96.2,98.89,98.14,97.85,98.65
96.96,98.46,96.88,95.18,98.58,97.26,98.86,98.54
97.17,99.04,97.04,95.89,97.56,97.59,98.78,98.7
98.41,97.9,97.81,97.11,98.14,98.33,98.29,98.19
95.67,99.39,96.85,96.42,98.16,97.72,99.22,98.44
98.02,98.96,97.64,96.42,98.53,96.28,98.51,98.46
97.95,99.28,96.93,96.29,98.0,97.46,98.63,98.88
95.87,98.16,97.77,97.13,97.7,97.45,98.68,98.63
96.08,98.91,98.01,96.05,98.17,97.88,98.7,98.63
98.43,98.01,97.65,96.69,97.38,97.98,98.64,98.83
95.89,98.76,97.67,97.05,98.84,96.45,98.26,99.09
98.67,97.96,97.51,96.06,98.19,98.84,98.48,98.69
96.77,98.25,96.95,96.74,97.82,97.93,98.16,98.56
97.55,99.11,97.59,96.27,97.9,96.95,98.4,98.49
97.67,98.44,98.45,96.57,97.65,98.04,98.21,98.85
97.1,98.31,97.44,95.84,98.0,97.34,98.86,98.68
96.5,98.76,98.44,96.54,97.69,96.97,99.2,98.81
96.1,98.43,97.68,95.83,98.69,98.14,98.08,99.02
97.51,98.72,97.43,95.67,98.88,97.12,99.0,98.56
98.2,98.97,96.83,95.77,98.37,97.49,98.68,98.63
96.88,98.42,96.36,96.76,98.04,98.52,98.34,98.86
98.12,97.95,96.53,95.57,98.22,97.38,97.61,98.52
98.23,99.19,97.01,95.33,98.55,97.45,99.02,98.87
98.76,98.93,98.31,96.93,97.98,97.55,98.59,98.86
96.68,98.7,96.42,96.47,98.41,97.04,98.61,98.91
99.26,98.7,96.92,96.21,98.2,97.59,99.72,98.2
97.57,98.38,98.26,95.6,98.2,96.74,98.57,98.37
98.33,97.97,97.49,96.35,98.14,96.81,98.7,98.7
98.3,98.01,97.81,95.85,97.51,97.24,98.61,98.66
99.48,98.18,98.09,96.71,98.06,97.17,98.04,98.34
99.06,98.49,97.59,96.76,98.7,97.25,98.11,99.14
96.48,98.43,96.85,96.69,98.44,98.07,99.13,98.69
97.81,99.37,97.39,97.07,97.86,97.81,97.9,98.37
97.27,98.06,97.33,96.15,98.48,97.07,98.94,98.56
96.64,97.92,97.52,96.41,98.15,97.03,98.45,98.59
97.49,98.62,98.11,96.48,97.92,97.51,98.76,98.34
98.86,98.76,97.79,96.0,98.28,97.72,98.75,98.86
96.92,99.07,97.07,95.22,98.54,96.95,98.45,98.88
97.25,98.91,97.26,96.63,98.55,97.2,97.98,98.39
96.75,97.68,96.88,95.57,98.48,96.92,99.09,98.9
97.97,98.54,96.11,97.11,98.5,97.46,98.54,98.62
97.69,98.48,97.57,95.16,97.46,97.73,99.26,98.81
97.33,97.58,97.11,95.34,98.12,97.39,98.39,98.61
98.17,98.88,97.38,95.89,98.27,97.42,98.95,98.43
97.08,98.44,97.63,96.08,98.52,97.8,98.77,98.73
97.71,98.0,98.12,95.65,98.0,97.55,98.19,98.91
97.09,98.02,97.12,96.44,98.48,97.74,98.43,98.75
97.56,98.99,97.41,95.73,97.65,96.55,98.72,98.35
97.55,98.85,97.33,96.7,98.36,97.43,98.58,98.76
96.43,98.66,97.89,96.33,97.58,98.25,99.01,98.83
97.04,98.53,97.03,96.05,98.31,97.17,99.24,98.82
97.27,99.14,96.42,96.71,98.62,97.43,98.81,98.65
97.86,98.51,98.14,96.23,98.33,97.88,98.74,98.72
97.44,98.71,97.63,96.8,98.09,97.29,98.48,99.06
96.51,98.02,97.78,95.54,98.53,97.89,98.84,98.76
97.57,97.98,97.52,96.26,97.9,96.88,99.21,98.92
97.21,98.36,97.38,95.46,98.62,97.51,98.44,98.72
96.52,98.49,97.55,95.98,98.27,97.61,98.87,98.99
97.3,98.95,97.21,96.94,97.9,96.81,97.86,98.58
96.19,98.71,98.1,96.07,98.32,97.71,98.93,98.44
97.65,98.83,97.21,95.45,98.07,98.08,98.85,98.63
98.21,98.94,97.78,97.09,99.15,97.28,98.4,98.83
96.21,98.61,97.66,96.52,97.53,98.65,99.1,98.62
97.33,98.14,97.39,96.02,98.09,96.93,98.8,98.12
98.84,99.38,98.38,95.92,98.42,97.07,98.68,98.54
98.73,98.15,97.65,96.37,98.56,98.12,98.55,98.8
97.69,98.45,97.75,95.53,98.6,97.57,99.11,98.75
96.95,98.41,98.14,95.95,98.17,96.93,99.28,98.59
98.32,99.33,97.27,96.56,98.04,97.49,98.35,99.13
96.04,98.86,97.65,96.73,98.0,96.87,99.23,98.71
98.8,99.15,97.5,96.22,97.86,97.97,98.43,98.27
97.9,98.64,97.01,95.89,98.6,97.89,98.48,98.4
95.88,98.19,97.16,96.82,97.53,97.48,99.1,98.68
97.44,98.37,97.47,95.55,97.94,97.35,99.61,99.01
97.3,98.3,97.71,96.63,97.77,96.68,98.87,98.65
96.84,98.43,97.74,96.46,98.65,97.76,98.66,98.75
99.0,98.12,97.76,94.91,98.09,97.67,98.77,98.87
96.09,98.94,97.29,95.61,98.65,97.69,99.11,98.93
97.57,99.14,97.49,96.49,98.36,96.64,98.11,97.77
96.65,98.63,97.57,96.33,97.73,98.12,98.46,98.41
97.47,98.02,97.7,96.2,97.95,96.41,98.94,98.89
96.88,98.34,97.36,96.18,97.56,97.4,98.37,98.52
97.16,98.17,97.51,96.48,97.8,96.13,98.26,99.34
96.85,98.62,97.99,96.07,98.29,96.84,98.72,98.54
98.28,99.58,97.19,96.71,97.91,97.73,98.92,98.29
97.76,98.68,98.16,96.53,98.89,97.08,98.44,98.76
97.15,98.85,97.87,96.27,98.13,96.97,99.25,98.76
95.41,98.76,97.77,96.61,97.87,97.29,98.97,98.87
97.26,97.81,97.47,95.13,97.89,96.9,98.32,98.45
98.14,98.39,97.33,96.72,98.29,97.51,98.78,98.33
97.48,98.48,97.44,96.31,97.43,96.93,98.47,98.45
98.31,98.71,97.85,96.7,98.22,97.33,98.52,99.2
94.57,98.26,97.2,96.46,98.0,97.56,99.26,98.96
98.24,98.21,97.86,95.53,98.68,97.29,99.05,98.48
95.48,98.63,98.29,96.58,98.31,97.64,98.4,98.71
98.11,98.71,98.02,96.69,98.54,96.59,98.38,98.9
95.82,97.68,97.38,96.49,98.37,97.62,97.91,98.24
96.88,98.6,98.1,95.39,97.47,97.38,98.78,98.52
98.68,99.07,97.58,96.27,98.22,97.36,98.28,98.92
98.04,98.34,97.76,96.12,98.12,97.37,98.62,98.68
98.1,98.44,97.48,96.13,98.4,97.12,98.88,99.13
98.12,99.24,97.08,97.37,98.39,96.72,98.31,98.74
99.16,98.71,97.47,96.46,98.09,98.14,98.48,98.34
95.84,98.67,97.21,96.4,97.7,97.59,99.84,98.22
98.43,98.66,97.51,95.64,98.57,96.99,98.04,98.78
98.62,98.22,97.17,95.91,98.36,96.67,98.13,98.54
97.56,98.56,98.62,95.66,98.33,98.04,99.06,98.91
96.92,98.94,98.11,96.95,98.74,97.08,98.77,99.0
99.22,98.25,98.19,95.92,97.6,97.52,99.55,98.35
96.7,98.37,97.52,95.7,97.87,96.91,98.39,99.01
96.76,98.99,97.35,97.04,98.13,96.99,99.59,98.62
95.74,98.97,97.92,96.9,98.06,97.28,99.2,98.72
97.12,99.09,97.83,96.04,98.25,96.95,99.05,98.67
98.15,98.08,96.75,96.62,97.95,97.85,98.55,98.56
97.3,98.64,97.27,95.89,98.56,98.07,98.78,98.82
97.87,97.7,97.84,95.66,98.73,97.15,98.28,98.94
100.07,98.66,97.38,96.54,97.64,97.24,98.77,98.26
97.21,98.15,97.84,95.9,98.57,96.92,98.67,98.74
98.71,98.56,98.09,96.76,98.27,97.28,99.79,98.36
96.89,98.96,97.58,95.3,98.14,97.62,99.53,99.0
95.83,98.88,97.04,95.99,98.21,97.75,99.05,98.97
97.51,98.4,97.71,96.02,98.13,97.47,98.11,98.99
96.99,98.17,97.43,95.61,97.76,97.08,98.75,98.55
97.85,98.86,97.94,96.7,98.19,96.68,98.25,98.76
95.67,98.35,97.0,95.94,97.6,97.58,99.36,98.85
95.94,98.43,98.65,95.97,97.33,96.94,98.69,98.48
98.31,99.15,97.65,96.74,97.14,97.39,98.48,98.99
97.57,98.55,98.25,96.1,97.64,97.65,99.03,98.56
97.53,98.39,97.12,97.11,98.68,97.13,98.19,98.47
98.23,98.56,97.53,96.23,97.94,97.02,98.64,99.19
97.36,98.07,97.56,95.84,98.17,96.9,98.68,98.63
98.63,98.49,96.81,96.7,97.92,97.5,98.76,98.54
97.42,98.08,97.52,96.18,97.97,97.74,98.59,98.96
96.5,98.5,97.86,95.37,97.94,97.32,98.23,98.62
97.15,98.23,96.71,95.33,98.07,97.79,99.06,99.04
97.14,99.14,96.86,95.8,98.53,97.11,98.81,98.42
95.71,97.99,97.2,95.64,98.04,97.6,98.48,98.53
98.0,98.15,96.36,96.6,97.45,97.76,98.78,98.81
96.92,97.8,98.84,97.16,99.04,97.1,98.82,99.01
97.41,97.71,96.69,96.31,98.01,97.5,99.04,98.66
98.98,98.94,97.36,96.12,97.4,97.81,98.77,98.49
99.51,99.01,96.94,94.91,97.99,96.52,98.19,98.59
96.29,98.2,97.27,95.74,97.0,97.28,98.5,98.53
97.99,99.98,97.71,96.61,97.86,97.65,98.77,98.48
99.27,99.05,98.5,95.85,98.22,97.58,98.48,98.83
96.48,98.3,99.36,96.39,97.7,97.77,98.3,98.22
99.65,99.0,96.8,96.11,97.79,98.4,98.84,98.48
96.51,98.5,97.61,96.74,98.09,97.62,98.21,99.5
95.94,99.35,97.21,95.86,98.75,98.45,98.64,98.15
97.08,97.63,96.85,96.35,98.57,97.62,99.04,98.41
98.82,98.74,98.06,95.47,98.62,97.41,99.01,98.48
97.56,97.71,98.05,96.41,98.64,97.97,99.1,99.43
98.82,98.19,97.79,96.35,97.91,96.83,98.49,98.52
98.86,99.37,97.36,96.39,98.01,96.87,98.49,98.68
95.96,97.34,98.18,95.86,97.83,96.54,98.94,99.17
97.7,98.61,97.61,96.86,97.85,97.37,98.63,98.73
98.89,98.11,97.0,96.65,97.29,97.72,98.65,98.79
98.43,97.76,98.18,96.58,98.01,96.73,99.37,99.01
96.72,99.39,97.37,96.43,98.23,96.87,99.01,98.63
97.51,99.49,97.06,95.77,98.44,97.12,98.61,98.59
97.91,99.09,97.09,95.65,99.1,96.77,98.91,98.53
96.93,97.71,96.94,97.06,98.7,97.91,99.0,98.84
97.98,99.23,97.94,96.46,98.35,97.09,98.84,98.6
97.67,98.36,97.99,95.65,98.62,98.45,98.78,98.93
96.36,98.98,97.16,96.79,98.89,97.97,98.58,99.14
98.13,98.84,97.96,97.17,97.98,96.85,98.67,98.81
97.28,99.49,98.3,96.01,97.65,97.58,98.81,98.99
98.55,98.46,96.83,95.5,98.56,96.93,98.87,98.24
98.66,99.08,98.4,97.1,98.26,97.21,99.0,98.89
98.49,99.85,97.17,95.55,98.5,98.26,98.94,98.58
97.29,98.77,98.33,96.15,98.35,97.84,99.51,99.0
95.46,98.46,97.52,95.98,98.52,96.74,98.19,98.75
97.16,98.07,97.69,96.41,97.99,98.06,99.19,98.43
96.8,98.69,97.43,96.44,98.68,97.1,99.42,99.08
97.97,97.74,98.06,95.73,98.08,98.02,98.74,98.53
97.2,99.39,97.0,96.7,98.18,96.83,98.7,98.9
98.06,98.8,97.88,96.37,97.79,98.23,98.65,98.58
99.19,97.89,98.26,96.45,97.58,97.46,98.73,98.91
98.61,98.77,97.59,96.36,98.33,96.89,98.33,98.51
99.77,99.05,97.23,96.84,98.13,97.58,99.18,98.43
97.4,98.11,97.33,95.76,98.69,97.17,98.91,98.49
96.22,98.38,98.05,97.17,99.4,96.43,99.17,98.83
96.25,99.42,97.24,96.23,97.52,97.91,98.66,99.04
95.73,99.14,97.06,96.89,98.77,98.51,99.15,99.36
99.24,98.9,97.15,95.88,98.3,97.68,99.0,98.94
96.99,98.0,98.28,96.41,99.05,97.45,99.23,98.22
98.56,98.77,97.44,96.37,98.73,97.35,97.99,98.66
97.88,98.07,96.83,97.11,98.47,97.33,99.25,98.43
98.71,98.79,97.45,95.75,97.98,97.31,98.21,98.31
95.21,97.96,98.37,96.4,97.51,97.29,98.99,98.38
98.14,98.97,97.3,96.52,98.4,96.68,98.81,98.29
98.53,98.31,98.17,96.84,99.11,96.43,98.97,98.6
96.76,97.72,97.22,96.66,97.69,97.26,98.26,98.67
97.87,98.39,97.56,95.85,98.02,98.2,99.68,98.84
99.67,98.69,97.17,96.4,97.82,97.56,99.02,98.61
98.14,98.45,97.63,95.97,97.74,97.42,99.14,99.0
98.29,98.81,97.27,96.08,98.71,97.19,98.21,99.02
100.38,98.35,98.19,96.56,98.3,96.85,98.54,98.84
97.87,98.28,97.94,95.59,97.78,98.14,98.97,98.89
97.84,98.91,98.31,96.17,98.46,97.83,98.33,98.25
97.49,98.5,97.28,96.35,97.72,97.4,98.9,98.76
98.45,99.43,97.58,95.88,98.09,97.44,99.02,98.77
99.13,98.48,97.03,95.98,97.6,97.95,98.15,98.63
97.61,98.69,98.02,96.58,98.03,97.04,98.9,99.11
96.14,98.79,97.68,97.24,97.94,97.6,98.14,98.78
96.59,98.67,97.77,97.14,98.51,97.14,98.04,98.64
98.71,98.41,96.31,96.44,97.67,97.08,97.72,98.85
96.39,97.94,98.3,97.27,97.91,97.05,98.73,98.71
98.03,98.69,97.27,96.5,97.35,97.77,99.0,98.6
100.03,98.88,97.67,96.22,98.1,97.51,97.84,98.74
96.61,98.16,97.32,96.28,98.06,97.54,98.75,98.86
99.82,98.74,97.78,96.72,98.49,97.1,99.13,98.27
98.52,98.17,97.48,96.03,98.31,97.25,98.97,98.25
96.29,98.89,98.91,96.28,98.14,97.13,98.46,98.99
95.67,97.46,97.9,96.36,98.8,97.48,98.31,99.17
97.6,98.98,97.58,95.92,98.41,96.8,98.05,98.75
96.71,98.72,97.9,95.87,98.31,96.27,98.74,98.71
96.31,99.07,97.82,96.88,98.05,97.22,97.9,98.44
97.94,98.78,96.96,96.04,98.02,97.67,98.42,98.35
97.21,99.11,97.41,95.81,98.24,97.72,98.75,98.41
97.9,98.92,97.52,96.58,97.73,97.28,98.63,98.64
99.12,98.98,97.16,96.92,98.32,96.89,99.36,98.4
97.08,99.05,97.52,96.39,98.13,97.69,98.92,98.71
98.88,99.2,97.23,96.29,97.94,97.14,99.18,98.99
97.78,98.98,96.92,96.39,98.21,98.2,98.93,98.66
96.52,98.81,96.78,95.36,97.59,97.5,98.51,98.38
99.08,98.12,97.42,95.84,97.35,98.12,99.29,98.22
96.84,99.04,97.82,96.57,98.07,97.75,99.55,98.91
98.0,98.66,96.83,96.47,97.49,97.54,99.36,98.66
98.08,97.45,96.78,96.08,98.67,97.5,98.44,98.79
97.86,98.22,97.19,94.98,97.68,97.62,98.71,98.58
97.04,99.02,97.3,96.17,98.21,97.27,98.58,98.55
98.66,97.8,97.68,96.72,98.52,97.04,98.66,98.77
95.76,98.51,97.45,95.92,98.79,97.55,98.55,98.93
98.29,98.52,97.26,96.25,98.14,97.92,98.65,98.48
97.83,98.4,97.91,95.4,98.38,96.6,98.39,98.98
97.78,98.11,97.25,96.38,98.96,97.35,98.2,98.29
96.34,98.3,97.17,96.72,98.13,97.24,99.29,98.41
96.06,99.06,97.71,95.86,98.64,97.31,98.12,98.82
97.21,98.86,98.05,95.7,98.26,96.91,98.0,98.5
97.69,99.31,97.82,95.31,97.75,96.86,99.05,98.76
98.47,98.57,96.92,95.98,98.39,96.86,99.27,98.52
96.51,98.99,96.92,96.37,98.61,96.96,99.4,98.25
97.09,99.07,97.69,95.24,98.17,97.66,98.91,98.47
97.0,97.98,97.8,96.48,98.42,97.07,98.82,98.73
97.83,97.61,97.41,95.25,98.15,98.16,98.77,98.77
97.77,97.95,97.04,96.78,98.53,97.77,99.15,98.83
98.61,98.3,97.49,96.59,98.38,97.23,98.92,99.01
97.94,99.25,98.05,96.21,97.88,97.29,98.22,98.7
99.36,98.05,97.32,97.35,98.03,97.43,99.02,99.01
99.99,98.67,97.66,96.41,98.92,96.27,98.71,98.58
98.45,98.55,97.29,96.89,97.93,97.23,98.91,98.71
96.55,98.45,98.13,96.55,98.59,97.05,99.12,98.22
96.38,98.76,98.56,96.57,97.51,96.82,98.91,98.53
96.58,98.68,98.35,95.19,98.84,97.02,99.37,98.6
96.57,97.96,96.61,96.11,98.02,98.49,99.44,98.71
98.31,98.3,97.31,95.87,99.01,98.23,98.87,98.55
99.71,98.79,99.01,95.51,98.14,96.86,98.84,98.82
98.04,98.96,97.55,96.08,99.2,96.82,98.66,98.63
98.39,98.08,97.69,96.45,97.6,97.47,98.67,98.56
98.32,99.24,97.21,96.7,99.09,98.46,98.59,98.29
96.99,98.61,97.17,95.7,97.89,98.01,98.38,98.7
99.42,97.99,97.47,96.44,98.68,97.13,98.56,98.86
97.85,98.38,97.91,97.32,97.99,97.81,98.79,98.47
97.29,98.73,97.01,96.69,97.42,97.36,98.83,99.09
98.31,98.46,96.27,96.43,97.86,96.27,98.82,99.1
97.35,98.79,97.09,95.94,98.59,97.53,98.06,98.46
96.54,98.0,97.19,96.25,99.33,97.99,98.64,98.34
95.93,98.23,96.75,96.42,98.06,96.74,98.77,98.77
96.18,98.32,97.7,96.23,97.76,97.55,98.43,98.28
98.06,98.82,97.45,96.11,99.15,96.87,97.95,98.8
98.25,99.0,97.11,95.99,97.18,97.34,99.27,98.55
97.22,98.35,97.11,96.48,98.22,97.25,99.09,98.98
97.19,98.31,98.54,96.09,98.36,98.05,98.63,98.51
98.41,97.55,97.46,95.68,98.69,97.39,98.97,98.91
96.31,99.04,96.64,97.0,98.09,97.48,98.89,98.93
96.89,98.92,97.42,96.46,99.43,97.92,98.52,98.8
97.77,98.28,97.09,96.98,97.61,97.86,99.58,98.86
97.21,98.34,97.18,96.69,99.12,97.46,99.39,98.7
98.18,99.26,97.33,96.89,98.86,97.01,98.69,98.61
97.48,98.51,97.52,96.77,98.76,97.55,98.67,98.51
96.42,98.26,97.37,95.88,98.18,97.91,99.51,98.03
95.71,98.64,97.84,96.25,98.6,98.47,98.7,98.72
97.93,98.58,97.19,96.65,98.06,96.77,98.42,98.82
97.83,98.1,97.64,96.85,97.9,98.04,99.52,98.93
96.61,98.46,97.2,95.45,98.94,97.86,99.79,98.51
98.72,98.42,97.25,95.81,98.07,96.26,99.11,98.7
98.71,98.39,97.45,95.77,99.08,97.88,98.13,98.61
97.89,99.02,97.73,96.73,98.12,97.18,98.29,98.72
98.8,98.42,97.49,97.22,98.34,97.66,98.41,98.97
96.94,98.82,97.18,96.14,97.8,97.84,98.96,98.79
97.36,97.68,97.49,96.79,98.08,97.72,98.72,98.54
98.84,99.34,97.43,96.99,97.29,96.69,98.73,99.01
97.45,98.72,97.69,96.36,97.92,98.09,99.15,98.61
98.4,99.32,97.3,95.94,98.41,96.16,98.56,98.43
95.52,98.75,96.91,96.29,97.95,97.15,98.61,98.77
96.04,98.27,97.8,96.34,97.88,96.92,98.36,98.87
99.03,97.77,97.99,96.27,97.94,97.13,97.91,98.57
97.26,99.41,97.76,96.02,98.81,97.3,98.77,98.9
98.27,98.18,97.4,95.09,97.95,97.92,98.38,98.63
98.17,98.56,97.26,96.66,97.4,96.92,98.51,98.9
98.02,99.53,96.89,96.18,98.58,97.24,99.48,98.18
97.64,98.47,97.93,96.29,98.27,97.75,98.31,98.7
97.11,98.3,97.08,96.57,98.14,98.01,99.12,98.84
98.54,99.21,97.88,95.55,98.0,97.13,99.42,98.31
97.67,98.89,98.17,97.08,97.96,97.33,99.06,98.76
97.54,97.88,97.19,96.04,98.94,97.89,98.92,98.43
96.63,98.93,97.22,95.93,98.11,96.93,97.85,98.7
98.42,98.66,97.63,96.81,97.6,98.73,98.63,98.39
95.71,97.75,96.65,96.09,97.69,97.41,99.01,98.75
98.96,98.03,96.8,95.72,98.08,97.02,98.7,98.89
99.17,99.29,97.78,95.99,97.71,96.0,99.32,98.72
96.28,99.5,96.56,96.5,98.63,97.62,98.49,98.84
97.24,98.9,98.33,96.65,97.32,97.58,99.21,98.58
95.0,98.65,97.62,97.16,98.12,97.99,98.55,98.29
98.86,98.04,97.71,96.69,97.44,97.78,98.7,98.89
97.83,98.7,97.54,95.63,98.43,96.51,99.34,98.36
97.08,98.85,98.32,96.51,98.85,97.34,99.72,98.39
97.29,98.04,96.92,96.56,97.9,97.26,98.8,98.79
97.69,98.84,98.72,96.73,97.94,96.82,98.47,98.95
97.96,98.44,97.54,96.76,97.38,97.84,99.07,98.46
97.29,98.67,98.93,96.04,98.37,97.25,98.23,98.34
97.6,98.5,97.71,95.71,98.22,97.09,99.3,98.7
96.07,98.76,97.7,96.02,98.14,97.39,99.62,98.76
99.19,98.14,97.79,97.72,98.24,97.72,99.1,98.63
98.4,98.74,96.87,95.32,97.13,97.81,98.92,98.4
97.05,99.07,97.35,96.24,98.14,96.46,98.44,98.62
98.72,98.44,96.97,96.35,98.82,97.59,98.2,98.78
96.0,98.66,97.71,96.71,97.99,96.82,99.45,98.58
97.65,98.59,98.16,95.59,98.07,97.46,98.83,98.94
96.02,98.59,97.29,96.15,98.9,97.69,98.55,99.06
95.71,99.24,97.89,96.55,98.22,97.47,98.88,98.29
96.37,98.61,98.23,95.93,97.8,97.87,98.89,98.8
97.98,98.45,97.72,96.52,97.54,97.04,98.73,99.15
95.8,98.53,98.16,96.15,98.41,97.06,99.11,98.44
96.96,99.12,97.53,96.37,98.02,97.9,97.85,98.62
97.67,97.57,96.62,96.12,98.47,97.08,98.13,98.68
95.41,98.36,97.29,95.42,98.84,97.92,98.77,98.64
97.11,99.04,96.62,96.35,98.27,97.85,98.85,98.73
98.27,98.17,96.95,95.91,97.89,97.43,98.94,98.67
97.1,98.63,97.53,95.48,97.8,97.21,98.41,98.35
99.29,97.85,97.39,96.65,99.09,97.87,98.77,98.61
97.06,99.0,97.57,95.62,98.63,98.65,98.01,98.03
98.74,99.03,97.24,96.67,97.87,97.76,99.06,98.3
97.68,98.28,96.83,96.14,97.88,98.56,98.51,98.47
96.38,98.73,96.88,96.74,98.68,98.29,98.81,99.1
97.91,98.5,98.26,95.73,98.27,96.89,98.77,98.54
97.67,98.95,97.44,96.16,99.13,97.35,98.25,98.52
98.63,98.23,97.75,95.78,97.7,96.84,98.77,98.81
99.03,97.54,98.84,96.33,98.36,96.02,98.81,98.76
98.88,98.84,97.32,96.28,98.34,98.89,98.53,98.84
96.45,98.01,98.05,96.13,98.66,96.93,98.93,98.42
96.65,98.77,97.59,95.86,97.69,97.05,98.48,98.38
96.27,98.39,97.24,97.56,97.99,97.48,98.76,98.62
95.44,98.67,97.94,95.73,98.05,97.68,98.5,98.16
97.48,99.03,97.49,96.11,98.65,97.76,99.16,98.37
96.65,98.23,97.22,96.5,98.06,97.2,98.01,99.07
98.78,98.14,97.74,95.83,98.6,96.55,98.79,98.4
98.52,99.01,97.9,96.24,98.57,97.65,98.6,98.54
98.12,99.15,97.89,96.81,97.62,97.27,98.52,98.78
96.61,99.09,97.88,95.21,97.77,97.84,99.04,98.47
97.73,97.98,97.33,96.77,98.57,96.75,99.35,98.78
97.52,98.1,98.0,96.14,97.94,98.37,98.58,98.54
98.49,98.81,98.22,96.01,98.31,97.12,98.69,98.5
97.54,97.9,97.53,95.73,97.39,98.06,98.56,98.37
97.61,98.6,98.7,97.63,97.53,98.16,99.21,98.37
98.48,98.71,98.05,96.98,98.01,98.19,99.16,98.73
97.46,99.2,97.25,96.5,98.76,97.26,98.62,98.59
96.79,98.24,97.6,96.07,98.08,96.16,98.99,99.1
98.11,98.24,96.99,95.66,98.09,97.73,98.17,98.32
98.25,98.19,97.78,95.67,98.29,97.64,98.3,99.28
96.96,98.55,97.45,96.31,98.64,97.6,98.94,99.01
98.45,97.38,97.35,96.38,98.63,98.09,99.08,98.83
98.19,98.27,97.41,96.21,98.02,97.93,98.57,98.67
96.63,98.68,97.55,96.59,98.44,97.03,98.5,99.0
97.67,98.48,97.56,95.58,98.56,97.15,98.23,98.68
97.56,98.39,97.73,96.02,97.64,97.05,99.25,98.91
95.88,98.71,97.52,96.53,97.63,97.21,98.24,98.56
98.22,97.91,97.58,96.74,98.24,97.67,98.31,98.36
97.0,98.54,98.38,95.73,98.55,97.25,98.88,98.84
96.58,98.93,97.77,95.49,97.46,97.71,98.11,98.72
96.54,99.17,97.77,96.23,97.56,97.38,98.67,99.11
96.58,97.81,97.17,96.73,97.24,97.3,99.3,98.71
96.46,98.72,97.8,96.35,98.81,97.5,99.07,98.69
97.39,98.34,98.06,96.92,98.4,96.79,97.86,98.61
97.74,98.58,97.05,95.84,97.97,98.05,99.31,98.8
99.34,98.65,98.21,96.06,97.44,97.76,98.79,98.47
98.24,98.5,97.48,95.88,98.3,96.89,99.3,98.64
97.29,98.75,97.89,96.16,98.54,96.78,98.69,98.51
98.2,98.43,96.61,96.03,97.74,97.73,98.65,99.0
97.58,98.47,98.38,96.78,98.11,96.85,99.27,98.58
96.07,99.11,98.12,96.01,98.43,97.38,98.5,98.55
97.18,98.78,98.52,95.96,99.14,97.9,99.21,98.62
95.86,97.99,97.18,96.32,98.22,96.92,99.12,98.62
96.54,97.99,97.88,96.76,97.94,98.18,99.53,98.98
97.4,98.93,98.47,96.14,97.9,97.48,99.0,98.39
97.62,99.38,96.41,95.86,98.57,96.78,97.91,98.95
99.92,98.55,96.64,96.08,97.29,97.65,98.49,98.6
98.88,98.84,97.34,96.84,98.61,97.56,98.63,98.88
98.13,98.25,98.19,96.49,98.76,97.65,98.67,98.84
97.91,98.84,96.9,97.17,98.41,97.58,98.94,98.74
96.7,98.57,96.53,96.21,98.18,97.59,99.48,98.68
97.64,97.56,97.97,96.89,97.97,97.44,99.39,98.8
97.07,98.21,96.98,95.53,98.63,97.67,98.89,99.3
98.45,98.26,97.18,96.7,98.69,97.11,99.12,98.84
97.96,98.68,97.73,96.08,98.35,96.97,98.85,98.76
98.28,98.5,98.18,95.66,97.92,97.57,98.64,98.62
97.87,98.4,97.34,95.62,97.36,97.43,98.92,98.67
98.54,98.69,98.49,96.71,97.48,98.16,98.8,98.36
97.11,98.33,96.79,96.29,97.57,97.16,98.94,98.83
97.27,98.91,98.49,95.96,98.39,97.22,97.97,98.19
98.78,99.82,98.46,95.87,97.98,97.67,98.42,98.82
97.6,98.15,97.02,96.78,97.57,97.93,98.74,98.92
96.36,99.2,96.73,96.25,98.21,98.62,98.86,98.9
99.82,98.33,98.38,96.73,98.71,97.78,98.94,98.95
98.54,98.21,97.86,96.55,98.22,97.93,97.71,98.61
98.01,99.07,97.15,96.06,97.37,97.61,98.97,98.48
97.63,98.49,98.18,95.26,98.16,97.48,98.03,98.62
98.2,97.89,97.59,95.71,97.71,97.03,98.99,99.06
97.78,99.11,97.27,96.47,98.39,97.73,99.23,99.12
97.97,98.38,97.42,96.16,97.37,96.77,99.01,98.08
98.88,98.62,97.01,97.08,98.07,97.27,98.97,98.5
98.47,98.53,97.18,96.49,98.33,97.07,98.86,98.76
97.37,98.29,96.83,96.16,97.22,98.25,98.34,98.65
98.31,98.68,96.93,96.87,98.72,96.91,99.23,98.36
97.82,98.38,97.3,95.7,97.61,97.13,98.43,98.33
95.97,99.32,97.17,96.66,97.65,97.66,98.87,98.85
97.74,99.09,97.99,96.41,98.41,97.74,98.63,98.54
97.35,97.83,97.26,96.72,97.64,96.74,97.88,98.77
96.17,97.98,97.16,96.6,98.15,96.92,98.32,99.36
99.5,98.71,97.49,96.43,98.17,97.08,98.55,98.32
98.84,97.77,97.71,95.76,97.73,97.72,98.68,98.58
97.48,98.05,97.31,96.22,98.38,97.1,99.13,99.32
97.91,98.5,97.64,96.33,98.76,97.96,98.83,98.08
99.18,98.1,98.03,95.26,98.07,98.03,98.95,98.38
97.15,97.93,97.99,95.89,98.13,97.18,98.91,99.06
97.78,98.61,97.32,95.97,98.97,97.67,99.44,98.56
98.08,98.54,97.66,95.56,98.67,97.15,98.26,98.72
97.77,98.41,97.67,95.98,98.12,97.86,98.78,99.14
99.26,98.97,97.58,95.87,98.89,97.81,98.59,98.63
99.08,98.11,97.56,96.27,97.75,97.56,98.07,98.41
96.64,98.25,98.3,95.62,98.41,97.71,98.18,98.71
95.84,99.42,97.63,95.64,98.46,97.62,98.65,98.83
98.67,99.23,97.78,96.1,98.27,97.45,99.55,98.62
97.63,98.15,97.02,96.37,98.17,96.38,99.42,98.27
98.67,97.98,98.76,96.29,97.61,97.64,98.23,98.84
97.36,98.46,97.73,96.26,98.25,97.04,98.8,98.3
96.77,99.0,97.16,96.24,98.69,97.63,98.84,98.59
98.44,98.48,98.85,96.54,98.41,97.58,97.92,98.7
99.14,98.44,97.64,95.69,98.17,98.45,98.3,98.76
97.87,98.58,97.99,96.78,97.85,97.76,97.94,98.8
99.45,99.79,97.93,96.23,98.23,96.94,98.67,98.92
97.82,98.68,97.5,95.52,98.09,96.79,98.06,98.81
98.55,97.69,97.66,96.38,98.51,97.26,98.97,98.69
95.99,98.79,98.01,96.28,98.4,97.19,97.72,99.14
97.46,98.07,97.87,96.45,97.97,97.31,98.93,98.75
97.95,98.43,97.66,96.17,98.29,97.88,98.83,98.7
98.55,98.02,96.93,95.94,98.58,97.6,98.49,98.93
95.63,98.5,96.8,96.03,97.64,96.87,99.15,98.72
97.21,98.44,97.59,96.66,98.35,96.96,98.52,98.91
98.88,98.16,97.38,96.27,98.62,98.07,99.18,98.75
97.41,98.31,98.39,96.92,97.95,97.2,99.02,99.15
99.17,98.47,98.54,95.51,98.44,96.95,98.67,98.72
96.16,97.82,97.84,96.81,98.59,98.28,98.89,98.85
97.9,98.63,97.03,96.27,98.73,96.82,98.45,98.73
98.11,98.38,97.34,95.7,97.85,97.77,98.98,98.52
97.33,98.44,96.5,96.39,97.29,98.32,98.25,98.72
98.07,98.87,97.88,95.26,98.56,97.17,98.48,98.77
97.43,98.68,97.56,96.23,97.73,98.41,99.09,98.96
98.3,97.94,97.59,97.19,98.23,98.69,98.94,98.46
96.38,98.44,97.88,96.65,97.99,97.55,98.3,98.25
98.28,98.1,97.44,96.09,97.97,97.04,98.58,99.04
98.53,98.04,98.01,96.27,98.03,97.81,99.22,98.82
97.61,98.78,97.35,96.8,98.53,97.02,98.32,97.98
98.54,98.7,98.85,96.05,98.48,98.02,98.91,98.57
98.9,98.52,98.17,96.61,98.6,97.54,98.98,98.47
97.17,99.12,97.81,96.24,98.09,97.7,98.93,98.59
96.56,98.33,97.54,96.75,98.08,97.33,99.37,98.68
96.24,98.69,97.66,95.3,98.41,96.7,98.3,98.68
96.67,99.79,97.97,96.71,97.78,98.24,98.37,98.49
97.51,98.19,97.29,97.2,97.69,97.07,98.52,99.05
97.56,99.01,97.53,95.7,97.27,97.61,98.8,98.44
96.14,99.18,97.76,95.99,97.41,97.8,99.24,98.74
97.35,98.61,96.98,96.51,98.47,97.37,98.45,98.81
97.13,98.36,97.28,95.41,98.33,96.76,98.84,98.64
95.79,98.59,97.48,96.76,98.17,97.31,98.82,98.65
97.2,98.42,97.38,96.38,97.39,97.79,98.18,98.51
97.48,98.7,96.97,95.99,98.02,97.38,97.88,98.75
97.86,98.14,97.91,96.82,98.1,97.68,98.71,98.5
97.94,99.25,97.89,95.65,98.27,97.61,98.45,98.41
97.64,98.54,96.82,96.6,97.9,96.65,98.75,98.56
97.9,98.47,97.63,95.7,98.7,97.76,99.36,98.41
97.18,99.09,97.3,96.21,98.91,96.8,98.9,98.84
97.3,98.95,97.43,97.09,97.78,96.41,98.86,98.88
98.07,98.25,96.49,95.72,98.46,97.37,99.35,98.7
97.23,98.49,98.21,96.04,97.68,97.14,98.04,98.49
98.13,98.81,97.72,96.73,98.41,97.87,99.02,99.13
99.97,98.34,96.95,96.71,98.06,97.31,99.45,98.97
97.34,98.94,97.89,96.62,98.45,98.08,98.81,98.78
97.87,98.75,97.98,96.46,98.68,98.39,98.26,98.67
98.85,98.26,97.64,96.61,98.21,98.11,98.09,98.72
97.33,98.25,98.12,96.24,98.07,97.24,98.73,98.17
96.33,98.05,97.58,95.84,97.85,96.92,98.87,98.93
97.13,99.04,98.06,96.68,98.5,97.03,99.14,98.77
96.22,98.66,97.65,96.54,98.72,97.35,98.57,98.69
97.8,98.69,97.09,95.89,98.32,97.56,99.19,98.86
96.2,98.6,97.13,96.39,97.28,97.45,97.94,98.69
97.76,99.27,98.07,96.2,97.52,98.42,98.21,98.98
97.82,99.16,97.89,96.41,97.17,97.34,98.04,98.72
96.08,98.45,98.01,97.41,98.47,97.12,99.64,98.46
96.13,99.01,97.31,95.56,98.14,98.19,98.05,98.59
97.86,98.64,97.61,96.17,97.53,97.27,98.76,98.79
97.17,99.17,98.3,96.12,98.93,97.41,98.86,98.57
97.44,98.11,97.32,95.68,97.68,96.09,99.54,98.72
96.77,99.13,97.89,96.68,99.13,97.79,98.73,98.79
97.95,98.62,97.32,96.27,98.61,97.35,99.22,98.9
97.46,98.6,96.94,95.83,98.22,97.05,99.13,98.79
97.83,98.82,97.07,95.97,97.6,97.77,98.26,98.44
97.03,97.65,97.3,96.76,97.7,97.24,98.69,98.87
97.28,97.94,97.87,96.79,98.33,98.25,97.78,98.66
98.15,98.36,97.08,95.25,97.93,96.41,98.63,98.45
98.11,99.13,97.23,95.68,98.05,98.24,98.8,98.57
98.31,98.63,96.98,96.23,98.74,97.63,98.86,98.99
97.71,98.13,96.5,95.94,98.39,97.09,99.03,98.56
97.97,98.28,96.82,95.73,98.64,97.73,99.21,98.84
98.06,99.53,97.64,96.66,98.38,98.53,98.6,98.97
97.1,98.78,96.76,95.94,98.01,97.47,98.47,98.73
95.48,98.19,97.07,96.58,98.41,97.89,98.09,98.46
97.04,98.57,97.14,96.01,98.74,96.74,99.88,98.74
98.17,98.38,97.29,96.37,97.64,97.87,97.94,98.67
97.48,99.39,97.68,96.55,98.53,97.61,99.02,98.21
95.73,98.24,97.26,97.07,98.97,97.22,98.65,98.58
98.33,99.21,97.85,96.03,98.55,97.12,98.73,98.9
96.74,98.81,97.32,95.87,98.22,97.49,98.33,99.2
96.99,98.39,98.47,97.76,97.33,97.51,99.76,98.81
98.35,98.57,98.19,96.62,98.26,97.96,98.63,98.82
99.11,98.55,97.06,95.9,98.62,96.87,98.16,98.67
96.1,99.1,97.83,97.54,98.4,98.31,99.19,98.65
99.72,99.48,98.57,95.97,98.38,98.24,98.14,98.55
98.22,99.01,96.99,96.13,98.55,98.71,99.23,98.39
97.8,98.19,97.47,96.2,98.65,97.67,98.73,98.65
97.19,98.06,97.71,96.09,98.41,98.26,98.45,98.43
97.53,97.96,98.4,96.31,99.28,97.64,99.21,98.62
99.43,98.34,97.62,96.15,98.68,97.46,99.39,98.93
96.52,97.7,96.8,95.96,98.45,97.36,98.53,98.66
97.77,98.29,97.14,96.29,98.03,97.51,98.05,98.42
95.39,98.84,97.51,96.32,98.2,97.57,98.28,98.86
97.63,98.67,98.16,97.2,98.0,97.11,98.17,98.69
95.85,98.54,97.96,95.66,98.14,97.68,98.21,98.73
97.31,98.81,96.47,96.08,97.99,97.03,98.35,98.3
97.74,99.48,97.27,96.42,98.08,97.72,98.97,98.34
96.39,98.6,97.12,96.38,98.36,97.15,99.33,98.93
94.64,98.49,97.6,97.12,97.83,97.51,98.22,98.8
97.13,98.82,96.99,95.88,97.6,97.67,99.1,98.9
99.79,98.48,96.47,96.16,98.08,96.83,98.12,98.88
98.64,98.14,98.3,96.96,98.26,97.1,98.33,98.83
96.69,98.75,96.22,96.75,98.53,97.44,99.36,98.62
98.58,98.66,97.15,96.05,98.66,97.49,98.59,98.82
97.51,98.97,97.68,97.05,97.73,97.09,98.62,98.63
98.31,97.95,97.23,96.17,98.16,98.09,98.57,98.44
97.4,98.55,97.69,95.72,98.12,96.84,98.21,98.56
98.04,98.95,98.53,95.54,97.97,97.05,98.63,98.95
97.56,98.7,97.31,96.94,98.8,97.04,99.11,98.59
99.27,99.14,97.02,96.35,98.57,98.01,98.43,98.74
97.73,98.73,97.27,96.01,98.6,96.72,98.82,98.56
97.43,98.95,97.71,95.91,98.18,98.24,98.8,99.0
97.47,99.49,97.49,95.36,97.84,96.96,98.93,98.62
95.56,98.4,97.85,96.92,97.07,96.9,99.07,98.74
95.45,98.56,97.49,95.98,98.68,96.81,98.86,98.99
97.34,98.23,97.62,95.73,97.68,97.06,99.37,98.68
96.67,97.92,97.94,95.78,98.25,98.2,98.65,98.42
97.97,98.82,97.83,96.53,97.92,96.69,98.55,98.68
97.93,97.9,97.08,96.22,99.44,98.29,98.85,98.5
98.4,98.03,97.38,95.72,97.92,98.1,99.29,98.5
96.19,99.07,97.67,95.29,97.61,97.66,99.71,98.55
96.65,98.2,97.99,95.49,98.4,98.13,99.08,98.67
97.46,98.72,98.26,96.99,97.95,98.29,97.97,98.6
97.8,99.05,97.44,95.02,97.84,97.11,98.48,98.2
97.57,98.75,96.81,95.37,98.26,97.05,98.63,99.25
97.26,98.35,97.89,96.36,98.11,98.12,99.62,98.74
96.27,98.87,97.49,95.99,98.52,98.33,98.6,98.58
97.91,98.42,97.02,95.96,98.18,97.52,98.18,98.36
97.13,97.9,97.46,96.19,98.28,97.48,98.71,98.53
100.26,99.66,97.75,96.34,97.58,96.85,99.03,98.86
97.29,97.8,97.42,96.9,98.07,96.85,98.29,98.75
96.87,99.41,97.97,96.34,98.9,97.51,99.0,98.58
97.4,98.0,97.58,95.99,98.5,97.33,98.39,98.76
97.43,98.58,97.52,95.37,98.18,98.14,99.2,98.58
97.91,98.43,97.2,96.67,98.13,97.8,98.91,99.23
96.81,98.76,96.96,97.27,97.53,97.61,99.01,98.41
98.45,98.15,97.73,96.26,98.59,98.28,98.71,98.39
98.54,98.9,97.59,97.09,98.22,96.56,98.31,98.59
98.71,97.91,97.71,96.03,98.81,97.38,99.4,98.8
96.13,97.94,98.22,96.88,98.33,97.41,98.35,99.0
98.84,98.47,97.33,96.36,98.65,97.63,98.57,98.73
97.36,99.47,97.52,96.33,98.4,98.33,99.1,98.58
96.83,97.81,97.99,96.86,97.92,97.33,98.96,98.93
98.7,98.16,97.24,95.59,98.31,97.22,99.16,98.88
96.07,99.29,97.77,95.97,98.7,97.47,98.6,98.66
98.78,99.4,97.27,94.83,99.16,97.07,98.64,98.5
97.07,99.21,96.68,96.97,98.82,97.3,98.72,98.77
98.46,99.21,97.57,96.33,98.16,97.6,99.27,98.79
98.37,98.02,97.48,96.5,98.52,97.07,99.37,98.71
97.1,97.85,97.52,97.18,98.49,97.65,98.19,98.68
98.65,98.44,96.97,95.81,97.45,97.61,98.13,98.45
97.26,99.01,97.95,96.08,98.29,96.75,99.07,98.61
96.91,99.04,97.67,96.65,97.77,96.98,98.99,98.62
96.42,99.15,97.7,95.54,98.41,97.52,97.89,98.15
98.09,98.1,97.95,97.7,97.62,97.57,98.47,98.65
98.96,98.39,97.47,96.18,98.39,97.13,98.54,98.69
96.35,99.03,96.87,95.99,98.76,97.31,99.05,98.67
98.12,99.5,96.69,96.14,98.61,98.0,99.62,99.36
97.76,98.74,97.13,96.15,98.04,96.96,98.82,98.69
98.22,99.18,96.84,96.77,97.62,97.88,99.06,98.93
95.78,97.74,97.14,97.23,97.85,97.39,98.94,98.76
96.49,98.51,97.84,96.04,98.61,96.8,98.35,98.42
99.02,98.83,96.98,96.29,97.62,97.54,98.55,98.87
96.67,98.48,97.07,96.27,98.37,97.08,99.49,98.49
96.98,99.35,97.53,95.85,97.64,96.33,99.49,98.8
99.11,98.83,97.18,97.04,98.65,97.06,97.72,99.03
95.94,98.92,97.26,96.45,97.81,97.78,98.39,98.85
97.47,98.87,98.13,96.42,98.22,97.03,98.25,98.49
97.39,98.61,97.82,97.09,97.8,96.6,98.79,98.8
97.48,99.2,97.57,96.61,98.3,97.75,98.48,98.53
99.5,98.67,97.71,96.27,98.43,97.51,99.22,98.83
97.7,98.51,96.95,95.89,98.78,96.54,98.78,98.54
99.29,99.12,96.59,96.84,99.36,97.11,99.05,99.0
98.1,98.75,98.19,95.84,98.99,97.22,98.74,98.73
98.87,98.59,97.23,96.75,97.74,97.5,98.29,98.56
99.04,97.69,98.32,95.84,98.3,97.9,99.19,98.83
97.75,99.35,98.54,95.94,98.21,96.39,98.73,98.7
97.28,98.47,98.53,96.49,97.85,97.34,98.49,98.76
97.22,98.86,98.06,96.9,98.9,97.83,98.65,98.18
96.49,99.25,96.72,96.97,98.44,97.25,98.12,98.81
98.79,98.55,97.79,95.98,98.33,97.02,99.21,98.86
97.02,98.8,97.39,96.75,98.7,98.23,98.74,98.96
98.28,98.54,97.63,95.85,98.1,97.53,99.12,98.79
96.46,98.47,98.09,95.7,97.59,97.74,99.53,98.75
97.3,97.95,97.39,95.83,98.23,98.21,98.33,98.96
98.1,98.57,96.06,96.58,98.13,97.39,98.7,98.73
98.01,98.78,98.24,95.77,97.29,96.23,98.73,98.83
95.76,97.57,98.4,97.12,98.15,97.89,99.6,98.51
97.76,98.96,97.68,95.85,98.18,97.72,98.85,99.12
98.02,99.06,97.85,95.8,98.31,96.81,98.19,99.09
96.72,98.7,96.86,97.03,98.84,97.68,99.06,98.89
97.22,98.88,97.31,96.24,98.4,96.89,98.3,99.08
97.98,98.84,96.94,96.04,97.96,97.21,98.55,98.81
96.37,98.15,97.59,95.29,97.7,97.19,98.89,98.89
97.22,98.63,97.85,95.93,98.9,96.88,98.55,98.5
96.98,97.68,97.2,96.28,98.07,97.81,98.3,98.48
96.87,99.32,97.35,95.99,98.46,97.27,98.78,98.82
98.83,98.48,97.49,96.26,98.1,97.65,98.85,98.47
98.14,98.82,97.73,96.26,98.33,97.34,99.76,98.89
97.77,98.65,97.84,96.38,97.92,97.11,98.52,99.08
97.07,98.64,97.4,96.4,98.09,97.26,98.61,98.4
98.12,99.05,98.2,96.88,98.48,97.61,99.34,98.66
98.17,98.46,97.49,96.58,98.27,97.75,99.27,98.59
97.7,99.05,97.97,95.77,97.83,96.56,98.34,98.81
96.54,98.55,97.02,95.99,98.8,97.63,98.56,99.23
97.64,97.88,98.14,96.11,97.8,98.54,99.12,98.64
96.98,98.23,98.01,95.97,97.81,97.76,98.66,98.05
97.31,97.97,97.25,95.9,97.61,97.5,98.26,99.02
98.43,98.07,97.92,96.16,98.75,96.78,99.4,98.37
97.33,98.8,96.52,96.78,98.77,97.19,98.23,98.63
98.23,99.02,97.34,95.15,98.62,98.23,97.98,98.47
98.41,97.73,98.22,95.38,98.6,97.12,98.92,98.71
98.35,98.28,97.11,95.72,97.97,97.54,98.96,98.8
98.21,98.86,97.54,95.26,98.45,97.19,98.71,98.55
97.15,98.26,97.87,96.67,98.25,97.12,98.15,98.62
98.17,99.15,97.98,96.65,98.83,97.53,98.68,98.45
96.58,97.98,97.4,96.4,97.87,96.87,98.72,98.6
95.43,98.28,97.93,95.15,98.28,97.48,98.87,98.43
98.33,98.53,97.66,96.39,98.1,98.38,98.69,98.6
98.36,98.82,96.85,96.26,98.46,98.22,98.56,98.65
97.09,98.96,97.65,95.93,98.23,97.5,99.17,98.67
95.98,97.3,97.4,97.06,98.19,97.46,98.17,98.69
95.92,98.08,97.23,96.33,98.23,97.79,99.33,99.07
99.58,97.91,98.04,96.19,98.46,97.41,98.43,98.64
96.51,99.17,97.54,96.71,97.97,98.08,98.95,99.04
97.07,99.0,97.58,96.49,98.49,96.81,98.67,99.16
97.55,98.58,97.37,95.95,97.63,97.06,98.35,98.38
98.55,98.39,98.27,95.62,98.19,97.3,99.08,98.86
97.82,98.62,98.33,96.75,98.05,97.29,98.32,98.61
96.33,98.73,97.0,96.82,97.7,97.46,98.78,98.92
96.84,99.14,97.32,96.44,98.14,96.95,98.69,98.76
97.84,98.91,97.63,95.9,98.14,97.19,98.6,98.89
97.14,98.09,96.99,97.18,97.44,98.07,99.04,98.43
96.96,99.38,96.21,95.9,98.35,97.05,98.55,98.35
97.59,97.73,98.51,95.37,97.84,96.68,99.04,99.03
98.27,98.13,98.3,95.9,97.49,98.0,98.48,98.67
98.55,99.57,97.99,96.27,98.4,97.34,98.13,98.73
98.59,98.96,97.16,95.97,98.34,96.46,99.24,99.02
96.3,98.65,98.34,96.64,98.25,96.89,98.75,98.29
97.48,99.54,96.65,97.22,98.49,97.7,98.74,98.89
98.59,98.82,97.88,97.34,97.3,97.0,98.98,98.07
96.94,98.89,97.63,96.9,98.93,97.32,98.81,98.99
97.57,98.21,97.58,96.83,97.68,97.72,99.36,98.53
96.99,97.95,97.46,96.37,98.38,97.79,99.52,98.83
99.19,97.96,97.27,96.41,98.21,97.46,98.1,98.38
96.89,97.69,97.27,94.99,97.64,97.97,99.03,98.51
97.12,99.41,97.48,96.87,97.8,97.36,98.34,98.9
96.6,98.54,97.06,97.1,98.46,96.94,98.2,98.91
98.69,99.06,99.1,96.31,98.42,97.28,99.54,98.56
98.6,98.0,97.54,96.32,97.82,96.86,98.73,98.85
98.19,98.96,98.15,97.06,98.27,97.78,98.03,98.74
98.25,99.23,97.54,96.24,98.3,97.51,99.32,98.45
97.8,98.68,96.5,96.39,98.04,96.93,98.51,98.62
98.35,98.72,97.86,95.04,98.17,96.82,98.4,98.92
98.38,98.52,97.49,96.6,98.14,97.09,99.56,98.55
97.34,98.89,97.04,96.65,98.37,97.7,98.42,98.83
98.97,99.16,97.24,95.16,98.06,97.69,98.8,99.1
96.65,98.71,97.4,95.44,98.96,96.89,98.4,99.24
96.22,99.52,96.92,97.07,99.17,98.71,99.42,98.58
97.61,99.05,97.17,96.44,99.04,97.65,98.96,98.79
98.87,98.92,97.16,96.46,97.82,96.72,98.24,98.66
97.54,98.44,98.72,96.73,97.88,98.08,99.06,98.78
97.33,98.2,97.33,96.55,97.53,97.04,98.82,98.32
96.05,98.74,97.66,96.95,97.34,97.21,98.46,98.83
97.56,98.15,97.97,95.35,97.46,97.53,98.52,98.73
99.08,98.72,97.32,96.34,97.66,97.41,97.97,98.5
95.77,98.36,97.55,96.06,98.76,97.2,99.3,98.77
96.53,98.07,97.38,97.7,98.31,97.27,99.56,98.67
97.23,98.79,97.34,95.78,97.99,97.24,99.48,98.72
99.58,98.77,96.75,96.37,98.14,98.36,98.59,98.49
96.57,97.97,97.26,95.32,98.49,97.62,98.36,98.77
97.77,98.25,98.54,96.02,98.12,96.75,98.16,99.0
97.43,98.28,97.58,96.95,98.56,98.14,98.36,98.62
96.56,99.2,97.22,96.12,98.74,96.7,99.24,98.88
96.98,98.51,97.1,96.77,97.81,96.24,98.42,98.41
97.81,97.35,97.8,96.68,97.65,96.68,99.42,98.27
96.57,98.54,97.24,96.54,98.01,98.16,98.13,98.53
96.65,98.21,96.54,95.89,97.98,98.37,98.83,98.69
97.81,98.99,97.38,96.96,98.0,97.59,98.28,98.75
99.91,99.56,97.06,95.93,97.94,97.54,99.09,98.6
97.19,99.2,97.85,95.94,98.56,97.59,98.32,98.78
98.35,97.68,97.37,96.0,97.6,97.69,98.69,98.94
99.02,98.5,97.73,95.95,98.62,97.83,99.07,98.62
98.63,98.55,97.69,96.32,98.38,98.72,99.21,98.33
97.21,98.47,97.49,95.86,98.36,97.26,98.6,98.65
97.0,98.22,97.78,96.15,98.43,97.54,98.96,98.46
99.76,99.14,97.59,96.3,98.37,97.04,98.87,98.82
96.27,97.77,97.58,96.7,98.09,97.99,98.67,98.67
96.3,98.27,97.54,96.05,98.65,96.49,98.03,98.01
98.34,99.38,98.31,96.01,98.19,97.48,98.83,98.59
99.06,98.12,97.67,95.7,97.48,96.88,99.18,98.54
97.94,98.96,97.37,95.95,98.27,96.8,98.61,98.6
98.57,98.69,97.72,95.89,98.59,97.75,99.29,98.16
97.76,98.49,96.45,96.6,98.66,96.75,98.48,98.86
98.36,98.07,97.32,96.81,98.32,96.99,97.88,98.72
97.1,98.53,97.31,96.25,98.17,97.87,97.95,98.82
97.76,99.1,97.11,95.85,98.52,97.79,98.73,99.08
98.69,99.64,97.19,96.55,98.31,97.66,98.77,98.34
97.7,98.42,96.96,96.62,97.79,97.35,99.0,98.86
97.4,98.9,97.77,96.6,98.83,97.44,99.79,98.79
98.07,98.11,97.68,95.72,98.22,95.88,99.21,98.31
98.09,98.44,97.46,96.69,97.81,96.97,98.94,98.52
96.02,97.7,98.76,97.13,98.77,96.99,98.6,98.65
97.48,98.89,97.02,96.73,98.38,97.62,98.04,98.68
97.19,98.69,97.17,96.64,99.57,98.66,99.39,98.69
97.3,98.4,98.0,96.3,98.62,96.96,98.89,98.29
97.25,98.9,97.9,95.61,98.39,97.52,98.82,99.0
96.03,98.01,98.15,95.27,98.54,98.3,99.34,99.19
96.1,98.36,97.2,95.88,98.65,97.2,98.29,98.79
96.23,98.57,98.08,95.58,98.37,97.65,98.0,98.46
96.56,98.68,97.12,96.76,97.68,96.92,99.71,98.9
99.97,98.18,97.21,96.47,98.8,97.22,98.77,98.73
96.01,98.9,98.54,96.18,98.46,96.73,99.1,98.79
97.81,97.43,97.29,96.67,98.2,97.57,98.46,98.39
98.59,98.08,97.47,97.07,98.2,97.37,99.07,98.75
96.91,99.03,97.35,96.22,97.93,97.08,99.58,98.76
97.24,97.64,97.55,96.62,98.03,97.58,98.29,98.57
96.56,99.21,97.58,96.21,98.38,97.38,98.94,98.64
97.31,98.43,98.3,95.93,99.13,97.11,98.85,98.69
97.57,98.67,97.35,96.75,97.68,98.21,98.02,98.23
97.44,98.57,97.92,95.92,98.0,97.73,98.75,98.53
99.66,99.02,97.64,96.82,98.57,96.41,98.3,98.23
96.95,98.73,98.37,95.34,97.65,96.95,98.33,98.41
96.04,98.02,98.35,95.48,99.02,97.15,98.5,98.59
96.03,98.46,96.98,96.16,98.9,97.94,98.43,98.71
96.32,98.54,97.37,96.48,98.54,97.36,98.63,98.66
95.69,98.92,97.54,95.02,98.64,97.06,99.13,98.78
95.79,99.02,97.5,97.11,97.96,97.98,98.72,98.89
97.57,98.59,98.24,95.9,98.09,97.89,98.13,98.77
97.69,98.14,97.07,96.43,97.92,97.32,98.7,98.85
97.18,98.96,98.18,96.2,98.78,97.52,98.66,98.95
96.2,98.76,97.63,96.21,97.62,97.34,98.72,98.7
95.94,98.35,97.49,96.83,98.04,97.68,98.58,98.61
96.25,98.43,97.54,96.48,98.17,97.73,99.21,98.51
97.46,98.65,97.8,95.74,98.77,97.01,97.59,98.35
98.22,99.11,97.6,95.71,97.72,97.86,98.13,98.84
97.24,98.99,97.27,96.06,97.81,97.03,98.49,98.85
95.26,99.21,97.56,95.8,97.63,97.14,98.24,98.73
97.57,98.25,98.15,96.7,98.1,98.0,98.15,99.28
98.39,98.4,98.01,96.32,98.72,97.59,98.85,98.67
97.79,97.93,96.96,96.75,97.63,97.29,98.2,98.75
97.87,98.66,97.38,94.93,97.39,97.38,98.72,98.77
97.39,98.92,97.44,95.71,98.11,97.69,98.0,98.88
97.67,99.07,97.48,96.26,99.69,96.42,99.03,98.36
97.54,99.94,97.0,96.61,98.71,97.29,98.75,98.8
98.28,98.31,97.22,96.38,97.37,96.97,98.29,98.78
97.64,97.91,97.03,95.12,97.67,96.85,98.18,98.62
96.73,98.66,97.66,95.72,98.05,97.15,98.42,98.47
97.14,98.19,98.01,95.92,98.07,97.05,98.24,98.64
97.24,98.8,98.47,96.5,98.0,97.25,99.88,98.66
94.89,99.36,98.01,96.38,97.62,97.78,99.23,98.84
96.96,98.17,97.64,96.62,97.99,97.85,98.38,98.71
99.51,98.12,97.29,96.81,98.68,96.94,98.11,98.55
96.88,98.45,97.04,96.72,97.85,97.3,98.55,98.43
98.81,98.49,97.87,96.56,97.94,97.94,98.13,98.69
97.7,98.77,97.72,95.34,98.85,97.4,97.27,98.53
98.3,98.46,97.75,96.72,97.87,96.88,97.69,98.96
98.15,98.23,97.89,96.68,97.79,97.34,99.0,98.89
96.49,98.51,98.26,96.93,97.22,97.73,98.17,98.88
96.22,98.25,97.15,95.51,98.8,97.07,99.17,99.11
95.73,99.07,98.33,96.54,98.57,97.13,99.31,98.52
99.77,99.44,97.73,96.19,98.11,97.45,98.94,98.59
98.12,98.68,97.74,95.68,97.83,97.68,98.79,98.39
97.9,98.95,97.9,95.31,98.54,96.8,98.71,98.15
95.63,97.96,97.71,96.19,98.5,96.76,99.49,98.85
97.29,99.25,97.47,96.54,98.6,97.91,99.11,98.87
98.06,98.67,97.93,96.11,97.84,97.89,98.68,98.89
96.88,98.84,97.94,96.21,98.76,97.74,98.37,98.69
98.84,98.64,97.38,96.54,98.11,97.25,98.65,98.67
96.74,98.33,97.33,95.97,98.27,97.57,98.39,98.73
98.74,98.29,96.36,96.63,97.24,96.8,98.18,98.54
97.17,98.39,97.72,96.88,98.17,98.09,99.05,98.95
97.35,98.04,98.42,96.75,98.12,98.21,98.95,98.64
97.28,98.45,97.3,95.31,98.09,98.2,98.02,98.62
98.38,98.92,97.55,96.44,98.35,97.85,98.87,98.61
96.29,97.93,98.26,96.57,98.6,97.81,98.92,99.1
96.12,99.02,96.97,96.4,97.72,96.8,98.26,98.45
96.85,99.13,97.68,96.05,98.26,98.07,97.99,98.89
98.11,99.07,97.79,95.57,98.18,97.64,98.71,98.56
98.57,98.59,97.39,97.23,98.24,97.09,98.81,98.38
95.86,98.68,96.84,96.35,98.56,98.11,98.77,98.12
96.46,98.13,96.97,96.25,98.32,96.92,98.79,98.86
96.91,99.47,97.65,96.75,97.8,96.61,99.36,98.89
97.9,98.36,97.39,96.24,98.29,97.09,98.56,98.39
98.24,98.69,97.9,95.95,97.31,97.2,99.23,98.43
97.8,98.88,97.0,96.17,98.32,98.04,98.32,98.47
98.35,98.68,98.08,95.89,98.24,97.25,98.62,98.73
97.23,98.23,97.47,96.86,98.02,97.45,98.13,99.0
98.31,98.77,98.71,96.2,97.82,97.43,98.71,99.12
97.51,99.04,98.13,96.5,98.49,97.27,98.97,98.7
97.35,99.56,97.36,95.6,98.24,97.66,98.47,98.57
97.59,98.22,97.41,95.81,98.12,97.24,98.44,98.91
99.77,98.95,98.07,96.24,98.43,98.03,98.73,98.76
96.96,98.93,97.99,96.01,98.78,97.14,98.74,98.69
98.73,99.1,96.83,96.03,98.66,98.31,98.54,98.64
97.31,98.83,97.72,96.82,98.69,97.12,98.32,98.54
98.33,98.75,97.22,96.15,97.38,96.93,99.29,98.48
99.0,99.02,98.87,95.82,98.99,97.72,99.3,98.76
96.88,98.42,97.17,95.78,98.17,97.15,98.78,98.57
96.81,98.82,97.46,96.77,97.64,97.64,98.08,98.96
97.73,99.83,98.05,96.12,98.76,97.53,98.52,98.94
96.32,98.53,96.85,96.14,97.8,98.16,99.23,98.85
97.34,98.64,98.25,96.33,98.02,97.46,99.24,98.59
98.44,98.7,98.02,97.07,98.05,98.22,99.36,98.87
97.19,97.89,97.25,96.14,98.14,97.24,99.1,98.55
97.14,98.97,97.69,97.57,98.51,97.61,97.59,98.48
96.82,97.53,98.26,96.5,98.2,96.9,98.53,98.65
97.99,99.35,98.27,95.92,98.58,98.05,98.84,98.18
96.77,98.86,97.57,95.56,98.0,97.5,98.66,98.7
97.16,99.49,98.05,95.66,98.34,97.25,98.43,98.39
96.46,99.07,96.93,96.35,98.69,97.6,98.9,98.14
97.09,97.86,97.64,96.04,99.08,96.81,99.22,98.74
98.75,98.54,97.59,96.12,98.72,98.21,98.25,99.18
97.64,98.04,97.22,95.47,98.65,97.37,98.9,98.7
95.8,98.96,97.49,95.98,98.15,97.32,99.22,98.62
97.57,98.55,97.01,97.05,98.34,96.98,98.81,98.39
97.27,98.79,97.78,96.28,98.4,97.04,98.3,98.89
98.8,98.53,98.43,96.04,97.07,97.79,98.49,98.68
98.19,98.94,97.16,96.48,98.23,98.25,98.22,98.83
97.27,98.18,97.58,96.22,98.59,98.09,98.5,98.73
96.06,98.81,98.79,95.7,98.6,97.36,97.91,99.09
98.76,99.28,97.58,97.14,97.7,96.82,99.08,98.65
96.55,99.2,98.02,95.97,98.53,97.15,98.78,98.82
99.03,98.14,98.65,95.93,98.32,97.46,98.03,98.39
96.91,98.72,97.63,95.21,97.61,96.7,98.68,98.89
98.32,99.15,97.36,96.53,98.79,98.25,98.59,98.84
97.35,98.74,97.79,96.73,98.04,97.11,98.88,99.04
97.01,98.1,97.44,95.76,98.66,96.93,98.63,98.72
98.13,98.48,97.54,96.84,98.7,97.5,99.16,98.23
98.82,98.42,97.1,96.29,97.92,97.19,98.46,98.56
99.51,98.38,97.89,95.95,97.65,97.88,98.37,98.93
97.03,98.52,98.06,94.64,97.93,97.03,98.47,98.36
97.56,99.17,97.8,96.47,98.53,97.74,98.54,98.35
97.51,98.43,97.59,95.65,98.34,96.72,98.5,99.01
97.55,98.89,97.95,97.36,98.06,97.15,98.74,98.88
98.54,98.37,97.65,96.94,97.67,96.52,98.0,98.64
96.8,98.56,98.18,96.88,97.97,97.75,98.41,98.55
97.99,98.51,97.59,96.25,97.83,97.23,98.92,98.75
97.45,98.91,97.37,96.66,97.87,96.89,99.04,98.96
99.01,98.99,97.19,96.38,98.9,96.82,98.97,98.83
97.05,98.38,97.45,96.76,98.1,97.69,98.86,98.62
97.83,98.56,97.44,96.55,98.37,98.19,98.19,98.66
96.29,98.42,96.99,95.56,98.97,97.57,98.64,98.78
98.16,98.8,97.86,95.61,98.06,97.16,98.66,98.38
97.73,99.13,97.73,96.61,98.34,97.11,98.6,98.43
97.17,97.94,97.65,96.22,98.44,96.97,97.97,98.21
98.4,98.52,97.8,97.25,98.19,96.72,98.31,98.98
97.05,98.74,97.5,97.05,98.0,97.29,98.35,98.69
98.14,98.44,97.26,96.35,97.76,97.38,99.21,98.73
97.89,98.03,97.7,97.33,98.89,97.4,97.77,98.52
97.78,98.51,97.7,96.06,98.8,98.17,99.28,98.81
95.2,98.82,97.85,95.56,98.3,98.24,99.09,98.51
97.0,98.05,97.86,95.6,98.36,96.2,98.82,98.22
98.54,97.81,97.76,96.62,98.36,97.65,98.48,98.59
98.49,98.5,96.95,97.12,97.6,97.59,98.21,98.47
98.08,98.8,96.29,96.56,98.38,97.34,98.1,98.76
97.9,98.67,97.63,96.16,97.69,97.21,98.95,98.72
96.22,98.3,97.3,95.94,97.92,98.28,98.76,99.03
97.49,98.6,96.47,96.26,97.85,97.26,98.7,98.2
97.81,98.81,98.11,96.86,98.31,97.89,98.39,98.36
97.3,97.87,97.28,96.58,97.7,97.7,99.07,99.18
97.36,97.99,97.83,96.8,98.44,97.29,98.37,98.63
97.4,98.21,98.92,94.89,98.12,97.16,98.81,99.09
97.25,99.36,97.13,96.39,98.35,97.08,98.81,98.74
99.26,98.52,97.68,96.03,97.34,97.8,98.63,98.47
97.75,98.67,97.43,97.07,98.45,97.19,98.22,98.3
96.99,99.22,97.98,96.49,98.21,97.54,98.93,98.3
97.82,98.54,97.48,96.61,98.23,97.22,98.25,98.77
96.84,98.06,97.9,95.89,98.04,98.55,98.66,98.64
97.98,98.25,98.02,96.62,99.23,96.23,98.76,98.86
99.29,99.38,97.47,95.43,97.76,97.29,98.95,98.89
96.08,99.0,97.76,97.0,97.83,98.19,98.32,98.81
96.98,98.21,98.24,96.08,98.04,97.17,98.85,98.13
96.71,98.58,97.19,96.76,98.56,96.84,98.72,98.9
97.26,98.34,97.37,97.01,99.17,96.84,99.11,98.72
97.56,97.92,96.94,97.05,98.21,97.17,98.3,98.75
